{
     "name": "Tipue-Search",
     "title": "Tipue Search",
     "description": "Tipue Search is a site search engine jQuery plugin.",
     "keywords": [
          "search",
          "site-search"
     ],
     "version": "5.0.0",
     "author": {
          "name": "Tipue",
          "url": "http://www.tipue.com"
     },
     "licenses": [
          {
               "type": "MIT",
               "url": "https://github.com/Tipue/Tipue-Search/blob/master/MIT-LICENSE.txt"
          }
     ],
     "homepage": "http://www.tipue.com/search/",
     "docs": "http://www.tipue.com/search/docs/",
     "download": "http://www.tipue.com/search/",
     "dependencies": {
          "jquery": ">=2.1.3"
     }
}
